<?xml version="1.0" encoding="UTF-8"?>
<book version="5.0" xml:id="livre_simple" xml:lang="fr-FR" xmlns="http://docbook.org/ns/docbook" xmlns:ns="http://docbook.org/ns/docbook">
  <title>Livre ultra simple</title>
  <chapter xml:id="chapitre_1">
    <title>Salutations</title>
    <para>Bonjour à toutes et à tous !</para>
    <para>On espère que vous appréciez <emphasis>beaucoup</emphasis> XML !</para>
  </chapter>
  <chapter xml:id="chapitre_2" revision="3.2" userlevel="beginner">
    <title>Un exemple</title>
    <para>Pour se faire plaisir (ou pas), voici un exemple de programme <code>Python</code>.</para>
    <programlisting language="python"><![CDATA[#!/usr/bin/python
# -*- coding: utf-8 -*-
print("xml, c'est trop <cool>")
]]></programlisting>
    <remark>C'est vraiment un petit programme.</remark>
    <para>Après cette dernière phrase, il est temps de finir le livre.</para>
  </chapter>
</book>
