﻿
<?xml version="1.0" encoding="UTF-8"?>
<cuisine>
  <recettes>
    <recette1 temps="10min" cuisson="1heure" difficulte="facile" > Salade de tomates et de mozzarella
      <ingredients>
        <ingredient1>3 tomates</ingredient1>
        <ingredient2>1 boule de mozzarella</ingredient2>
        <ingredient3>1/2 oignon rouge</ingredient3>
        <ingredient4>Quelques feuilles de basilic frais</ingredient4>
        <ingredient5>Sel, poivre</ingredient5>
        <ingredient5>Huile d'olive</ingredient5>
      </ingredients>
      <elements>
        <element1>Planche à découper</element1>
        <element2>Couteau de cuisine</element2>
        <element3>Saladier</element3>
        <element4>Cuillère à soupe</elements4>
      </elements>
    </recette1>
    <recette2 temps="10min"  cuisson="1heure" difficulte="moyen" >Poulet rôti au four
      <ingredients>
        <ingredient1>1 poulet</ingredient1>
        <ingredient2>2 citrons</ingredient2>
        <ingredient3>2 gousses d'ail</ingredient3>
        <ingredient4>Herbes de Provence</ingredient4>
        <ingredient5>Sel, poivre</ingredient5>
        <ingredient5>Huile d'olive</ingredient5>
      </ingredients>
      <elements>
        <element1>Plat à rôtir</element1>
        <element2>Couteau de cuisine</element2>
        <element3>Presse-ail</element3>
        <element4>Four</element4>
      </elements>
    </recette2>
    <recette3 temps="15min"  cuisson="30min" difficulte="facile"> Tarte aux pommes
      <ingredients>
        <ingredient1>3 tomates</ingredient1>
        <ingredient2>1 boule de mozzarella</ingredient2>
        <ingredient3>1/2 oignon rouge</ingredient3>
        <ingredient4>Quelques feuilles de basilic frais</ingredient4>
        <ingredient5>Sel, poivre</ingredient5>
        <ingredient5>Huile d'olive</ingredient5>
      </ingredients>
      <elements>
        <elements>Plat à rôtir</elements>
        <elements>Couteau de cuisine</elements>
        <elements>Presse-ail</elements>
        <elements>Four</elements>
      </elements>
    </recette3>
  </recettes>
</cuisine>
















