﻿<?xml version="1.0" encoding="UTF-8"?>
<terre>
  <couches>
    <croute_terrestre>
      <constitution>
        <croute_oceanique>
          <densite>3</densite>
          <epaisseur>6km</epaisseur>
          <constitution>basalte</constitution>
        </croute_oceanique>
        <croute_continentale>
          <densite>2.7</densite>
          <epaisseur>35km</epaisseur>
          <constitution>granite</constitution>
        </croute_continentale>
      </constitution>
    </croute_terrestre>
    <manteau_superieur>
      <densite>3.3</densite>
      <epaisseur>650km</epaisseur>
      <constitution>olivine et pyroxène</constitution>
    </manteau_superieur>
    <manteau_inferieur>
      <densite>6</densite>
      <epaisseur>220km</epaisseur>
      <constitution> pérovskite</constitution>
    </manteau_inferieur>
    <noyau_externe>
          <densite>10</densite>
          <epaisseur>200km</epaisseur>
          <constitution>fer et nickel</constitution>
        </noyau_externe>
        <noyau_interne>
          <densite>13</densite>
          <rayon>1200km</rayon>
          <constitution>fer</constitution>
        </noyau_interne>
  </couches>
</terre>
