﻿<?xml version="1.0" encoding="UTF-8"?>
<terre>
  <couches>
    <croute_terrestre>
      <constitution>
        <croute_oceanique densite="3" epaisseur="6Km">
          <constitution>basalte</constitution>
        </croute_oceanique>
        <croute_continentale densite="2.7" epaisseur="35Km">
          <constitution>granite</constitution>
        </croute_continentale>
      </constitution>
    </croute_terrestre>
    <manteau_superieur densite="3.3" epaisseur="650Km">
      <constitution>olivine et pyroxène</constitution>
    </manteau_superieur>
    <manteau_inferieur densite="6" epaisseur="200Km">
      <constitution> pérovskite</constitution>
    </manteau_inferieur>
    <noyau_externe densite="10" epaisseur="200Km">
      <constitution>fer et nickel</constitution>
    </noyau_externe>
    <noyau_interne densite="13" rayon="1200Km">
      <constitution>fer</constitution>
    </noyau_interne>
  </couches>
</terre>
