﻿<?xml version="1.0" encoding="UTF-8"?>
<terre>
  <couches>
    <couche nom="croute_terrestre">
      <constitution>
        <couche nom="croute_oceanique"  densite="3" epaisseur="6Km">
          <constitution>basalte</constitution>
        </couche>
        <couche nom="croute_continentale "  densite="2.7" epaisseur="35Km">
          <constitution>granite</constitution>
        </couche>
    </constitution>
    <couche nom="manteau_superieur"  densite="3.3" epaisseur="650Km">
      <constitution>olivine et pyroxène</constitution>
    </couche>
    <couche nom="manteau_inferieur"  densite="6" epaisseur="200Km">
      <constitution>pérovskite</constitution>
    </couche>
    <couche nom="noyau_externe"  densite="10" epaisseur="200Km">
      <constitution>fer et nickel</constitution>
    </couche>
    <couche nom="noyau_interne"  densite="13" epaisseur="1200Km">
      <constitution>fer</constitution>
    </couche>
  </couches>
</terre>
